legend,step,pwr
Minimum,0,76.03
Minimum,1,74.4
Minimum,2,75.28
Minimum,3,74.09
Minimum,4,74.82
Minimum,5,74.36
Minimum,6,74.84
Minimum,7,73.78
Minimum,8,74.6
Minimum,9,74.53
Minimum,10,74.83
Minimum,11,75.05
Minimum,12,79.03
Minimum,13,75.91
Minimum,14,74.17
Minimum,15,75.06
Minimum,16,74.05
Minimum,17,74.84
Minimum,18,74.03
Minimum,19,75.15
Minimum,20,73.29
Minimum,21,75.81
Minimum,22,73.79
Minimum,23,74.63
Minimum,24,73.79
Minimum,25,75.13
Minimum,26,74.19
Minimum,27,75.03
Minimum,28,74.49
Minimum,29,75.4
Minimum,30,74.11
Minimum,31,74.29
Minimum,32,74.79
Minimum,33,75.19
Minimum,34,73.57
Minimum,35,74.47
Minimum,36,74.52
Minimum,37,74.91
Minimum,38,73.82
Minimum,39,74.73
Minimum,40,75.2
Minimum,41,74.18
Minimum,42,74.05
Minimum,43,74.94
Minimum,44,74.47
Minimum,45,74.62
Minimum,46,74.45
Minimum,47,74.41
Minimum,48,73.67
Minimum,49,75.22
Minimum,50,73.96
Minimum,51,74.51
Minimum,52,74.89
Minimum,53,74.1
Minimum,54,74.66
Minimum,55,75.21
Minimum,56,74.35
Minimum,57,75.49
Minimum,58,74.69
Minimum,59,74.3
Minimum,60,83.03
Minimum,61,75.23
Minimum,62,74.02
Minimum,63,75.34
Minimum,64,74.13
Minimum,65,74.27
Minimum,66,74.58
Minimum,67,75.27
Minimum,68,74.28
Minimum,69,73.61
Minimum,70,75.06
Minimum,71,74.93
Minimum,72,74.41
Minimum,73,74.24
Minimum,74,74.63
Minimum,75,73.98
Minimum,76,74.84
Minimum,77,74.26
Minimum,78,74.74
Minimum,79,75.2
Minimum,80,74.11
Minimum,81,74.95
Minimum,82,74.19
Minimum,83,75.18
Minimum,84,73.47
Minimum,85,75.97
Minimum,86,74.43
Minimum,87,74.77
Minimum,88,75.34
Minimum,89,73.87
Minimum,90,74.6
Minimum,91,74.62
Minimum,92,73.82
Minimum,93,74.91
Minimum,94,74.84
Minimum,95,74.4
Minimum,96,74.77
Minimum,97,74.08
Minimum,98,74.03
Minimum,99,76.38
Minimum,100,74.22
Minimum,101,74.2
Minimum,102,75.12
Minimum,103,74.48
Minimum,104,74.1
Minimum,105,74.93
Minimum,106,74.82
Minimum,107,74.44
Minimum,108,73.94
Minimum,109,75.81
Minimum,110,74.35
Minimum,111,74.33
Minimum,112,75.44
Minimum,113,74.5
Minimum,114,74.91
Minimum,115,74.52
Minimum,116,73.86
Minimum,117,75.53
Minimum,118,74.52
Minimum,119,74.48
Minimum,120,75.01
Minimum,121,74.85
Minimum,122,73.53
Minimum,123,74.95
Minimum,124,73.84
Minimum,125,74.52
Minimum,126,74.46
Minimum,127,75.38
Minimum,128,74.3
Minimum,129,75.16
Minimum,130,73.53
Minimum,131,74.76
Minimum,132,73.84
Minimum,133,75.25
Minimum,134,74.77
Minimum,135,74.52
Minimum,136,74.39
Minimum,137,73.96
Minimum,138,77.09
Minimum,139,74.27
Minimum,140,74.23
Minimum,141,75.16
Minimum,142,75.38
Minimum,143,74.1
Minimum,144,74.65
Minimum,145,74.48
Minimum,146,75.19
Minimum,147,74.18
Minimum,148,74.98
Minimum,149,75.31
Minimum,150,73.59
Minimum,151,74.98
Minimum,152,74.44
Minimum,153,74.91
Minimum,154,74.12
Minimum,155,75.42
Minimum,156,73.62
Minimum,157,74.01
Minimum,158,75.16
Minimum,159,74.58
Minimum,160,74.09
Minimum,161,75.06
Minimum,162,74.14
Minimum,163,74.43
Minimum,164,75.16
Minimum,165,73.69
Minimum,166,74.9
Minimum,167,74.8
Minimum,168,74.67
Minimum,169,74.62
Minimum,170,75.16
Minimum,171,74.4
Minimum,172,74.49
Minimum,173,74.2
Minimum,174,74.5
Minimum,175,75.68
Minimum,176,74.43
Minimum,177,75.18
Minimum,178,75.06
Minimum,179,74.66
Minimum,180,74.68
Minimum,181,74.02
Minimum,182,74.62
Minimum,183,74.61
Minimum,184,73.96
Minimum,185,75.28
Minimum,186,74.67
Minimum,187,74.19
Minimum,188,74.55
Minimum,189,74.88
Minimum,190,74.78
Minimum,191,74.54
Minimum,192,73.87
Minimum,193,74.36
Minimum,194,74.34
Minimum,195,75.4
Minimum,196,73.35
Minimum,197,75.33
Minimum,198,75.23
Minimum,199,75.45
Minimum,200,74.06
Minimum,201,74.12
Minimum,202,75.35
Minimum,203,74.44
Minimum,204,74.1
Minimum,205,73.32
Minimum,206,74.61
Minimum,207,74.95
Minimum,208,75.32
Minimum,209,73.69
Minimum,210,75.11
Minimum,211,74.06
Minimum,212,74.36
Minimum,213,74.27
Minimum,214,74.62
Minimum,215,74.14
Minimum,216,76.7
Minimum,217,73.22
Minimum,218,75.75
Minimum,219,74.2
Minimum,220,74.3
Minimum,221,74.61
Minimum,222,74.86
Minimum,223,74.18
Minimum,224,73.53
Minimum,225,75.92
Minimum,226,74.27
Minimum,227,75.63
Minimum,228,74.64
Minimum,229,75.14
Minimum,230,74.66
Minimum,231,73.49
Minimum,232,74.62
Minimum,233,74.22
Minimum,234,75.3
Minimum,235,74.38
Minimum,236,74.21
Minimum,237,74.71
Minimum,238,74.63
Minimum,239,74.55
Minimum,240,73.84
Minimum,241,75.08
Minimum,242,74.45
Minimum,243,75.21
Minimum,244,73.38
Minimum,245,74.48
Minimum,246,75.24
Minimum,247,74.39
Minimum,248,74.16
Minimum,249,74.24
Minimum,250,74.62
Minimum,251,74.22
Minimum,252,74.91
Minimum,253,75.42
Minimum,254,73.8
Minimum,255,76.51
Minimum,256,74.89
Minimum,257,73.83
Minimum,258,74.65
Minimum,259,73.92
Minimum,260,74.55
Minimum,261,74.81
Minimum,262,74.81
Minimum,263,74.07
Minimum,264,74.48
Minimum,265,75.22
Minimum,266,75.02
Minimum,267,74.25
Minimum,268,74.65
Minimum,269,73.9
Minimum,270,75.39
Minimum,271,74.14
Minimum,272,74.35
Minimum,273,74.16
Minimum,274,74.94
Minimum,275,75.32
Minimum,276,73.46
Minimum,277,74.91
Minimum,278,74.91
Minimum,279,75.73
Minimum,280,74.12
Minimum,281,74.77
Minimum,282,75.07
Minimum,283,76.09
Minimum,284,73.42
Minimum,285,74.96
Minimum,286,75.09
Minimum,287,74.34
Minimum,288,74.15
Minimum,289,74.6
Minimum,290,74.49
Minimum,291,74.05
Minimum,292,75.3
Minimum,293,73.95
Minimum,294,76.09
Minimum,295,74.44
Minimum,296,74.35
Minimum,297,74.46
Minimum,298,73.89
Minimum,299,75.09
Minimum,300,74.83
Minimum,301,74.42
Minimum,302,74.59
Minimum,303,74.28
Minimum,304,75.53
Minimum,305,73.96
Minimum,306,74.87
Minimum,307,73.96
Minimum,308,75.21
Minimum,309,74.06
Minimum,310,75.03
Minimum,311,75.19
Minimum,312,74.85
Minimum,313,74.07
Minimum,314,74.64
Minimum,315,74.4
Minimum,316,74.2
Minimum,317,74.99
Minimum,318,74.49
Minimum,319,74.58
Minimum,320,74.29
Minimum,321,74.91
Minimum,322,74.1
Minimum,323,75.07
Minimum,324,73.85
Minimum,325,75.25
Minimum,326,74.55
Minimum,327,74.77
Minimum,328,74.38
Minimum,329,74.9
Minimum,330,73.56
Minimum,331,74.9
Minimum,332,74.44
Minimum,333,75.92
Minimum,334,74.16
Minimum,335,74.45
Minimum,336,73.51
Minimum,337,74.71
Minimum,338,75.13
Minimum,339,75.73
Minimum,340,74.16
Minimum,341,74.99
Minimum,342,74.57
Minimum,343,75.68
Minimum,344,73.55
Minimum,345,75.02
Minimum,346,74.28
Minimum,347,74.45
Minimum,348,75.78
Minimum,349,73.79
Minimum,350,74.3
Minimum,351,74.02
Minimum,352,76.07
Minimum,353,73.11
Minimum,354,75.34
Minimum,355,73.98
Minimum,356,75.07
Minimum,357,73.82
Minimum,358,75.07
Minimum,359,74.65
Minimum,360,74.13
Minimum,361,74.84
Minimum,362,74.09
Minimum,363,74.51
Minimum,364,74.01
Minimum,365,74.98
Minimum,366,75.17
Minimum,367,73.82
Minimum,368,75.72
Minimum,369,75.37
Minimum,370,74.24
Minimum,371,74.25
Minimum,372,75.91
Minimum,373,73.3
Minimum,374,75.24
Minimum,375,74.88
Minimum,376,74.2
Minimum,377,75.08
Minimum,378,74.32
Minimum,379,74.6
Minimum,380,74.27
Minimum,381,74.91
Minimum,382,75.47
Minimum,383,73.24
Minimum,384,75.01
Minimum,385,75.02
Minimum,386,74.33
Minimum,387,74.56
Minimum,388,73.77
Minimum,389,75.26
Minimum,390,74.21
Minimum,391,75.01
Minimum,392,74.84
Minimum,393,74.22
Minimum,394,75.05
Minimum,395,74.96
Minimum,396,75.37
Minimum,397,74.24
Minimum,398,74.51
Minimum,399,74.17
Minimum,400,75.68
Minimum,401,73.38
Minimum,402,74.55
Minimum,403,75.15
Minimum,404,75.06
Minimum,405,74.17
Minimum,406,74.72
Minimum,407,74.55
Minimum,408,74.32
Minimum,409,74.74
Minimum,410,74.94
Minimum,411,75.67
Minimum,412,74.76
Minimum,413,74.26
Minimum,414,74.3
Minimum,415,75.15
Minimum,416,74.15
Minimum,417,74.49
Minimum,418,74.82
Minimum,419,74.4
Minimum,420,74.38
Minimum,421,74.94
Minimum,422,74.76
Minimum,423,74.94
Minimum,424,75.51
Minimum,425,73.91
Minimum,426,74.83
Minimum,427,74.11
Minimum,428,75.74
Minimum,429,73.43
Minimum,430,74.95
Minimum,431,74.43
Minimum,432,75.28
Minimum,433,74.45
Minimum,434,75.03
Minimum,435,73.95
Minimum,436,75.06
Minimum,437,74.58
Minimum,438,74.66
Minimum,439,73.94
Minimum,440,74.75
Minimum,441,74.45
Minimum,442,74.91
Minimum,443,74.61
Minimum,444,74.09
Minimum,445,74.94
Minimum,446,73.53
Minimum,447,74.82
Minimum,448,75.06
Minimum,449,74.79
Minimum,450,75.29
Minimum,451,75.1
Minimum,452,74.56
Minimum,453,76.0
Minimum,454,74.41
Minimum,455,74.57
Minimum,456,73.54
Minimum,457,75.56
Minimum,458,73.92
Minimum,459,74.44
Minimum,460,75.38
Minimum,461,74.85
Minimum,462,74.34
Minimum,463,74.32
Minimum,464,74.91
Minimum,465,74.41
Minimum,466,74.38
Minimum,467,74.49
Minimum,468,74.33
Minimum,469,75.29
Minimum,470,74.53
Minimum,471,73.49
Minimum,472,74.77
Minimum,473,74.95
Minimum,474,74.52
Minimum,475,73.94
Minimum,476,74.86
Minimum,477,74.95
Minimum,478,74.27
Minimum,479,75.19
Minimum,480,74.61
Minimum,481,74.82
Minimum,482,75.49
Minimum,483,73.8
Minimum,484,75.21
Minimum,485,74.41
Minimum,486,75.03
Minimum,487,73.54
Minimum,488,74.83
Minimum,489,76.41
Minimum,490,74.34
Minimum,491,74.87
Minimum,492,74.59
Minimum,493,74.95
Minimum,494,75.17
Minimum,495,73.94
Minimum,496,73.8
Minimum,497,75.61
Minimum,498,74.33
Minimum,499,75.59
Minimum,500,74.14
Minimum,501,74.31
Minimum,502,74.52
Minimum,503,74.31
Minimum,504,75.8
Minimum,505,73.62
Minimum,506,74.3
Minimum,507,74.84
Minimum,508,75.73
Minimum,509,74.16
Minimum,510,75.57
Minimum,511,74.33
Minimum,512,74.85
Minimum,513,74.83
Minimum,514,74.43
Minimum,515,74.27
Minimum,516,74.54
Minimum,517,74.4
Minimum,518,74.41
Minimum,519,74.75
Minimum,520,74.1
Minimum,521,74.65
Minimum,522,75.07
Minimum,523,74.35
Minimum,524,74.7
Minimum,525,73.49
Minimum,526,75.2
Minimum,527,75.01
Minimum,528,76.52
Minimum,529,74.73
Minimum,530,74.24
Minimum,531,74.89
Minimum,532,74.35
Minimum,533,75.58
Minimum,534,74.49
Minimum,535,74.19
Minimum,536,75.52
Minimum,537,74.73
Minimum,538,75.32
Minimum,539,74.16
Minimum,540,75.51
Minimum,541,75.43
Minimum,542,73.99
Minimum,543,75.01
Minimum,544,74.16
Minimum,545,74.24
Minimum,546,75.42
Minimum,547,73.61
Minimum,548,74.62
Minimum,549,74.39
Minimum,550,75.45
Minimum,551,74.06
Minimum,552,74.45
Minimum,553,75.02
Minimum,554,74.91
Minimum,555,73.41
Minimum,556,75.66
Minimum,557,74.23
Minimum,558,75.05
Minimum,559,74.24
Minimum,560,74.59
Minimum,561,73.99
Minimum,562,75.02
Minimum,563,74.68
Minimum,564,75.16
Minimum,565,75.06
Minimum,566,74.19
Minimum,567,77.57
Minimum,568,74.85
Minimum,569,73.53
Minimum,570,74.86
Minimum,571,74.48
Minimum,572,74.34
Minimum,573,75.44
Minimum,574,73.36
Minimum,575,75.46
Minimum,576,73.89
Minimum,577,75.98
Minimum,578,75.02
Minimum,579,74.15
Minimum,580,74.98
Minimum,581,74.71
Minimum,582,74.8
Minimum,583,73.81
Minimum,584,75.18
Minimum,585,74.9
Minimum,586,74.02
Minimum,587,74.55
Minimum,588,74.94
Minimum,589,74.02
Minimum,590,74.73
Minimum,591,75.22
Minimum,592,74.14
Minimum,593,75.36
Minimum,594,74.76
Minimum,595,74.94
Minimum,596,74.24
Minimum,597,74.42
Minimum,598,74.64
Minimum,599,74.44
Minimum,600,74.84
Minimum,601,74.72
Minimum,602,74.53
Minimum,603,73.9
Minimum,604,75.53
Minimum,605,73.43
Minimum,606,76.69
Minimum,607,74.32
Minimum,608,74.67
Minimum,609,74.48
Minimum,610,75.45
Minimum,611,74.57
Minimum,612,74.24
Minimum,613,74.37
Minimum,614,74.24
Minimum,615,74.75
Minimum,616,74.37
Minimum,617,75.05
Minimum,618,74.4
Minimum,619,75.13
Minimum,620,74.69
Minimum,621,74.25
Minimum,622,75.8
Minimum,623,74.4
Minimum,624,74.89
Minimum,625,74.19
Minimum,626,75.02
Minimum,627,74.93
Minimum,628,74.04
Minimum,629,75.26
Minimum,630,74.27
Minimum,631,74.78
Minimum,632,74.51
Minimum,633,74.49
Minimum,634,74.63
Minimum,635,73.93
Minimum,636,74.94
Minimum,637,74.17
Minimum,638,75.34
Minimum,639,74.94
Minimum,640,73.82
Minimum,641,74.63
Minimum,642,75.14
Minimum,643,74.6
Minimum,644,73.76
Minimum,645,76.5
Minimum,646,73.52
Minimum,647,74.82
Minimum,648,74.98
Minimum,649,74.69
Minimum,650,75.48
Minimum,651,75.27
Minimum,652,73.58
Minimum,653,74.98
Minimum,654,74.6
Minimum,655,75.87
Minimum,656,73.89
Minimum,657,75.34
Minimum,658,74.68
Minimum,659,74.68
Minimum,660,74.5
Minimum,661,75.06
Minimum,662,74.0
Minimum,663,75.0
Minimum,664,74.36
Minimum,665,74.15
Minimum,666,74.92
Minimum,667,74.44
Minimum,668,74.05
Minimum,669,75.37
Minimum,670,74.77
Minimum,671,74.29
Minimum,672,74.7
Minimum,673,74.01
Minimum,674,75.22
Minimum,675,74.25
Minimum,676,75.05
Minimum,677,74.26
Minimum,678,74.37
Minimum,679,75.11
Minimum,680,75.7
Minimum,681,74.16
Minimum,682,75.3
Minimum,683,73.88
Minimum,684,76.54
Minimum,685,74.61
Minimum,686,73.94
Minimum,687,75.03
Minimum,688,74.22
Minimum,689,75.5
Minimum,690,74.81
Minimum,691,73.74
Minimum,692,74.37
Minimum,693,74.61
Minimum,694,75.42
Minimum,695,74.72
Minimum,696,74.74
Minimum,697,75.01
Minimum,698,75.02
Minimum,699,74.42
Minimum,700,74.46
Minimum,701,73.92
Minimum,702,74.97
Minimum,703,75.14
Minimum,704,74.19
Minimum,705,75.45
Minimum,706,74.6
Minimum,707,74.87
Minimum,708,74.07
Minimum,709,74.88
Minimum,710,74.55
Minimum,711,75.21
Minimum,712,74.22
Minimum,713,75.06
Minimum,714,73.99
Minimum,715,75.63
Minimum,716,74.17
Minimum,717,74.55
Minimum,718,74.78
Minimum,719,73.45
Minimum,720,75.18
Minimum,721,74.25
Minimum,722,74.88
Minimum,723,76.27
Minimum,724,74.79
Minimum,725,74.09
Minimum,726,74.87
Minimum,727,74.14
Minimum,728,74.73
Minimum,729,75.07
Minimum,730,74.01
Minimum,731,74.25
Minimum,732,74.75
Minimum,733,75.77
Minimum,734,74.77
Minimum,735,75.53
Minimum,736,74.67
Minimum,737,74.59
Minimum,738,74.49
Minimum,739,74.3
Minimum,740,75.29
Minimum,741,74.09
Minimum,742,74.86
Minimum,743,74.52
Minimum,744,74.53
Minimum,745,74.57
Minimum,746,74.72
Minimum,747,74.69
Minimum,748,74.19
Minimum,749,73.78
Minimum,750,75.7
Minimum,751,73.7
Minimum,752,75.12
Minimum,753,74.51
Minimum,754,74.27
Minimum,755,75.1
Minimum,756,73.93
Minimum,757,75.29
Minimum,758,74.65
Minimum,759,74.63
Minimum,760,74.79
Minimum,761,74.13
Minimum,762,76.13
Minimum,763,76.01
Minimum,764,74.2
Minimum,765,74.54
Minimum,766,74.3
Minimum,767,73.97
Minimum,768,75.77
Minimum,769,75.54
Minimum,770,73.98
Minimum,771,74.88
Minimum,772,75.89
Minimum,773,73.83
Minimum,774,75.0
Minimum,775,74.38
Minimum,776,74.37
Minimum,777,73.75
Minimum,778,75.28
Minimum,779,74.23
Minimum,780,75.29
Minimum,781,74.48
Minimum,782,75.34
Minimum,783,73.17
Minimum,784,75.5
Minimum,785,74.63
Minimum,786,74.44
Minimum,787,74.49
Minimum,788,74.37
Minimum,789,74.61
Minimum,790,74.59
Minimum,791,75.12
Minimum,792,75.69
Minimum,793,74.44
Minimum,794,74.84
Minimum,795,74.2
Minimum,796,74.33
Minimum,797,75.46
Minimum,798,74.49
Minimum,799,74.6
Minimum,800,73.98
Minimum,801,76.7
Minimum,802,74.74
Minimum,803,74.53
Minimum,804,74.62
Minimum,805,74.47
Minimum,806,74.01
Minimum,807,74.39
Minimum,808,74.62
Minimum,809,74.11
Minimum,810,75.88
Minimum,811,75.32
Minimum,812,73.7
Minimum,813,75.08
Minimum,814,75.04
Minimum,815,73.97
Minimum,816,73.97
Minimum,817,75.2
Minimum,818,74.9
Minimum,819,75.23
Minimum,820,75.47
Minimum,821,74.73
Minimum,822,75.01
Minimum,823,74.29
Minimum,824,74.34
Minimum,825,75.11
Minimum,826,74.16
Minimum,827,75.03
Minimum,828,74.83
Minimum,829,74.57
Minimum,830,74.45
Minimum,831,74.92
Minimum,832,73.68
Minimum,833,75.44
Minimum,834,74.31
Minimum,835,73.92
Minimum,836,75.4
Minimum,837,73.84
Minimum,838,75.58
Minimum,839,74.97
Minimum,840,75.8
Minimum,841,74.44
Minimum,842,73.99
Minimum,843,75.16
Minimum,844,75.01
Minimum,845,74.48
Minimum,846,74.4
Minimum,847,75.23
Minimum,848,74.75
Minimum,849,74.51
Minimum,850,75.8
Minimum,851,74.75
Minimum,852,74.0
Minimum,853,75.19
Minimum,854,74.13
Minimum,855,74.97
Minimum,856,74.18
Minimum,857,74.75
Minimum,858,74.58
Minimum,859,73.96
Minimum,860,75.79
Minimum,861,73.49
Minimum,862,75.37
Minimum,863,73.6
Minimum,864,75.27
Minimum,865,74.14
Minimum,866,74.57
Minimum,867,74.88
Minimum,868,74.34
Minimum,869,74.45
Minimum,870,75.14
Minimum,871,73.87
Minimum,872,75.23
Minimum,873,74.02
Minimum,874,74.58
Minimum,875,75.51
Minimum,876,74.83
Minimum,877,74.69
Minimum,878,77.62
Minimum,879,75.63
Minimum,880,74.43
Minimum,881,75.13
Minimum,882,74.61
Minimum,883,74.68
Minimum,884,75.06
Minimum,885,74.46
Minimum,886,74.75
Minimum,887,74.99
Minimum,888,74.33
Minimum,889,75.04
Minimum,890,75.44
Minimum,891,74.72
Minimum,892,73.37
Minimum,893,75.58
Minimum,894,74.31
Minimum,895,74.03
Minimum,896,75.45
Minimum,897,74.28
Minimum,898,75.07
Minimum,899,74.21
Minimum,900,74.96
Minimum,901,74.4
Minimum,902,75.37
Minimum,903,74.6
Minimum,904,74.01
Minimum,905,75.56
Minimum,906,75.66
Minimum,907,74.45
Minimum,908,75.32
Minimum,909,73.29
Minimum,910,75.55
Minimum,911,75.17
Minimum,912,74.38
Minimum,913,73.91
Minimum,914,75.1
Minimum,915,74.5
Minimum,916,74.23
Minimum,917,74.87
Minimum,918,76.9
Minimum,919,74.86
Minimum,920,74.53
Minimum,921,74.33
Minimum,922,74.38
Minimum,923,75.35
Minimum,924,73.5
Minimum,925,74.95
Minimum,926,74.81
Minimum,927,74.8
Minimum,928,75.5
Minimum,929,75.31
Minimum,930,74.27
Minimum,931,74.15
Minimum,932,75.36
Minimum,933,74.65
Minimum,934,74.45
Minimum,935,75.87
Minimum,936,74.25
Minimum,937,74.36
Minimum,938,74.8
Minimum,939,75.11
Minimum,940,73.44
Minimum,941,75.46
Minimum,942,74.51
Minimum,943,75.21
Minimum,944,73.81
Minimum,945,74.67
Minimum,946,75.0
Minimum,947,74.16
Minimum,948,75.2
Minimum,949,74.26
Minimum,950,74.44
Minimum,951,74.87
Minimum,952,75.17
Minimum,953,74.36
Minimum,954,73.74
Minimum,955,75.45
Minimum,956,74.68
Minimum,957,76.22
Minimum,958,74.57
Minimum,959,74.56
Minimum,960,74.15
Minimum,961,76.06
Minimum,962,74.93
Minimum,963,74.69
Minimum,964,74.07
Minimum,965,75.04
Minimum,966,75.17
Minimum,967,74.98
Minimum,968,73.74
Minimum,969,74.95
Minimum,970,74.37
Minimum,971,75.47
Minimum,972,74.11
Minimum,973,74.64
Minimum,974,74.84
Minimum,975,74.21
Minimum,976,75.07
Minimum,977,74.39
Minimum,978,74.31
Minimum,979,74.41
Minimum,980,75.12
Minimum,981,74.39
Minimum,982,75.03
Minimum,983,74.8
Minimum,984,74.39
Minimum,985,74.93
Minimum,986,74.7
Minimum,987,73.81
Minimum,988,74.81
Minimum,989,76.1
Minimum,990,74.27
Minimum,991,74.97
Minimum,992,74.62
Minimum,993,74.22
Minimum,994,75.81
Minimum,995,73.51
Minimum,996,77.14
Minimum,997,74.24
Minimum,998,75.29
Minimum,999,74.48
Minimum,1000,74.53
Minimum,1001,74.45
Minimum,1002,74.7
Minimum,1003,73.56
Minimum,1004,74.91
Minimum,1005,74.88
Minimum,1006,75.49
Minimum,1007,75.01
Minimum,1008,74.78
Minimum,1009,74.68
Minimum,1010,74.31
Minimum,1011,75.14
Minimum,1012,74.24
Minimum,1013,74.69
Minimum,1014,73.75
Minimum,1015,75.2
Minimum,1016,75.51
Minimum,1017,74.52
Minimum,1018,74.88
Minimum,1019,74.48
Minimum,1020,74.98
Minimum,1021,75.14
Minimum,1022,73.73
Minimum,1023,75.49
Minimum,1024,74.57
Minimum,1025,74.34
Minimum,1026,75.07
Minimum,1027,74.56
Minimum,1028,73.61
Minimum,1029,74.77
Minimum,1030,74.88
Minimum,1031,74.98
Minimum,1032,73.91
Minimum,1033,74.79
Minimum,1034,73.87
Minimum,1035,76.74
Minimum,1036,74.58
Minimum,1037,75.1
Minimum,1038,75.26
Minimum,1039,74.04
Minimum,1040,74.15
Minimum,1041,74.33
Minimum,1042,74.94
Minimum,1043,75.03
Minimum,1044,73.35
Minimum,1045,76.99
Minimum,1046,74.29
Minimum,1047,74.63
Minimum,1048,75.01
Minimum,1049,74.7
Minimum,1050,75.15
Minimum,1051,74.94
Minimum,1052,73.87
Minimum,1053,74.68
Minimum,1054,74.98
Minimum,1055,74.98
Minimum,1056,74.5
Minimum,1057,73.28
Minimum,1058,76.24
Minimum,1059,74.07
Minimum,1060,75.61
Minimum,1061,73.6
Minimum,1062,74.78
Minimum,1063,75.43
Minimum,1064,74.29
Minimum,1065,74.91
Minimum,1066,73.8
Minimum,1067,74.24
Minimum,1068,75.12
Minimum,1069,74.95
Minimum,1070,74.58
Minimum,1071,74.32
Minimum,1072,75.49
Minimum,1073,74.01
Minimum,1074,76.86
Minimum,1075,75.31
Minimum,1076,74.9
Minimum,1077,74.19
Minimum,1078,75.1
Minimum,1079,74.08
Minimum,1080,75.17
Minimum,1081,74.73
Minimum,1082,73.63
Minimum,1083,74.87
Minimum,1084,75.92
Minimum,1085,74.47
Minimum,1086,74.97
Minimum,1087,74.3
Minimum,1088,73.88
Minimum,1089,74.48
Minimum,1090,74.54
Minimum,1091,74.85
Minimum,1092,74.84
Minimum,1093,74.16
Minimum,1094,75.34
Minimum,1095,74.55
Minimum,1096,74.19
Minimum,1097,75.21
Minimum,1098,75.13
Minimum,1099,73.3
Minimum,1100,74.28
Minimum,1101,74.3
Minimum,1102,75.92
Minimum,1103,75.29
Minimum,1104,74.96
Minimum,1105,74.54
Minimum,1106,74.59
Minimum,1107,74.81
Minimum,1108,74.83
Minimum,1109,74.2
Minimum,1110,74.89
Minimum,1111,74.3
Minimum,1112,74.82
Minimum,1113,76.53
Minimum,1114,74.24
Minimum,1115,74.83
Minimum,1116,74.8
Minimum,1117,73.57
Minimum,1118,75.27
Minimum,1119,75.57
Minimum,1120,73.86
Minimum,1121,74.66
Minimum,1122,74.76
Minimum,1123,75.89
Minimum,1124,74.42
Minimum,1125,74.96
Minimum,1126,74.18
Minimum,1127,75.37
Minimum,1128,73.97
Minimum,1129,75.59
Minimum,1130,75.24
Minimum,1131,74.63
Minimum,1132,74.17
Minimum,1133,74.74
Minimum,1134,74.51
Minimum,1135,74.66
Minimum,1136,74.21
Minimum,1137,75.06
Minimum,1138,74.17
Minimum,1139,74.92
Minimum,1140,74.52
Minimum,1141,74.22
Minimum,1142,74.46
Minimum,1143,74.72
Minimum,1144,73.96
Minimum,1145,75.16
Minimum,1146,74.95
Minimum,1147,73.44
Minimum,1148,75.46
Minimum,1149,73.94
Minimum,1150,74.86
Minimum,1151,75.37
Minimum,1152,75.55
Minimum,1153,74.34
Minimum,1154,74.39
Minimum,1155,74.9
Minimum,1156,75.31
Minimum,1157,74.22
Minimum,1158,75.59
Minimum,1159,74.27
Minimum,1160,75.98
Minimum,1161,74.27
Minimum,1162,74.57
Minimum,1163,75.52
Minimum,1164,74.37
Minimum,1165,74.07
Minimum,1166,74.45
Minimum,1167,75.38
Minimum,1168,73.9
Minimum,1169,76.96
Minimum,1170,74.61
Minimum,1171,74.56
Minimum,1172,74.44
Minimum,1173,75.38
Minimum,1174,74.22
Minimum,1175,75.28
Minimum,1176,73.88
Minimum,1177,74.53
Minimum,1178,74.55
Minimum,1179,75.08
Minimum,1180,73.98
Minimum,1181,74.98
Minimum,1182,75.35
Minimum,1183,73.66
Minimum,1184,74.45
Minimum,1185,75.55
Minimum,1186,75.03
Minimum,1187,75.12
Minimum,1188,73.85
Minimum,1189,74.91
Minimum,1190,74.52
Minimum,1191,77.15
Minimum,1192,73.78
Minimum,1193,74.75
Minimum,1194,74.18
Minimum,1195,75.17
Minimum,1196,74.21
Minimum,1197,74.71
Minimum,1198,73.83
Minimum,1199,74.8
Minimum,1200,74.72
Minimum,1201,75.49
Minimum,1202,74.15
Minimum,1203,74.89
Minimum,1204,74.5
Minimum,1205,74.01
Minimum,1206,75.77
Minimum,1207,73.46
Minimum,1208,74.81
Minimum,1209,74.79
Minimum,1210,74.66
Minimum,1211,75.17
Minimum,1212,74.68
Minimum,1213,74.43
Minimum,1214,74.77
Minimum,1215,74.91
Minimum,1216,75.23
Minimum,1217,74.69
Minimum,1218,74.65
Minimum,1219,73.63
Minimum,1220,75.26
Minimum,1221,74.88
Minimum,1222,73.62
Minimum,1223,74.21
Minimum,1224,75.61
Minimum,1225,74.19
Minimum,1226,74.29
Minimum,1227,74.34
Minimum,1228,75.83
Minimum,1229,74.44
Minimum,1230,78.16
Minimum,1231,74.7
Minimum,1232,74.03
Minimum,1233,74.21
Minimum,1234,75.81
Minimum,1235,73.02
Minimum,1236,75.56
Minimum,1237,74.47
Minimum,1238,74.48
Minimum,1239,74.87
Minimum,1240,75.18
Minimum,1241,75.1
Minimum,1242,75.33
Minimum,1243,74.02
Minimum,1244,75.55
Minimum,1245,74.72
Minimum,1246,75.26
Minimum,1247,75.1
Minimum,1248,73.8
Minimum,1249,74.61
Minimum,1250,74.47
Minimum,1251,75.32
Minimum,1252,74.29
Minimum,1253,74.47
Minimum,1254,74.35
Minimum,1255,75.35
Minimum,1256,73.06
Minimum,1257,75.57
Minimum,1258,74.04
Minimum,1259,75.35
Minimum,1260,74.99
Minimum,1261,74.11
Minimum,1262,74.09
Minimum,1263,73.99
Minimum,1264,74.17
Minimum,1265,75.11
Minimum,1266,74.29
Minimum,1267,75.12
Minimum,1268,73.98
Minimum,1269,76.69
Minimum,1270,75.03
Minimum,1271,74.3
Minimum,1272,76.02
Minimum,1273,73.84
Minimum,1274,75.33
Minimum,1275,73.94
Minimum,1276,75.04
Minimum,1277,74.87
Minimum,1278,74.59
Minimum,1279,76.04
Minimum,1280,73.75
Minimum,1281,74.3
Minimum,1282,75.19
Minimum,1283,74.38
Minimum,1284,74.48
Minimum,1285,74.68
Minimum,1286,74.84
Minimum,1287,73.95
Minimum,1288,74.5
Minimum,1289,74.32
Minimum,1290,74.18
Minimum,1291,75.64
Minimum,1292,73.42
Minimum,1293,74.91
Minimum,1294,74.69
Minimum,1295,74.87
Minimum,1296,74.21
Minimum,1297,75.38
Minimum,1298,73.39
Minimum,1299,75.69
Minimum,1300,75.27
Minimum,1301,75.46
Minimum,1302,74.75
Minimum,1303,74.37
Minimum,1304,74.26
Minimum,1305,74.77
Minimum,1306,75.28
Minimum,1307,74.64
Minimum,1308,75.59
Minimum,1309,75.15
Minimum,1310,73.67
Minimum,1311,75.17
Minimum,1312,74.24
Minimum,1313,75.36
Minimum,1314,74.17
Minimum,1315,74.47
Minimum,1316,75.28
Minimum,1317,74.97
Minimum,1318,75.24
Minimum,1319,74.83
Minimum,1320,74.47
Minimum,1321,74.92
Minimum,1322,73.76
Minimum,1323,75.15
Minimum,1324,74.36
Minimum,1325,75.17
Minimum,1326,74.36
Minimum,1327,74.55
Minimum,1328,75.76
Minimum,1329,73.95
Minimum,1330,75.6
Minimum,1331,74.9
Minimum,1332,74.24
Minimum,1333,74.23
Minimum,1334,75.14
Minimum,1335,74.19
Minimum,1336,73.83
Minimum,1337,75.09
Minimum,1338,74.49
Minimum,1339,74.35
Minimum,1340,74.44
Minimum,1341,75.19
Minimum,1342,74.96
Minimum,1343,73.6
Minimum,1344,74.9
Minimum,1345,75.07
Minimum,1346,74.4
Minimum,1347,76.79
Minimum,1348,73.57
Minimum,1349,75.29
Minimum,1350,74.43
Minimum,1351,74.33
Minimum,1352,74.61
Minimum,1353,75.08
Minimum,1354,74.27
Minimum,1355,74.72
Minimum,1356,75.04
Minimum,1357,76.16
Minimum,1358,74.5
Minimum,1359,75.12
Minimum,1360,74.53
Minimum,1361,75.58
Minimum,1362,73.66
Minimum,1363,74.22
Minimum,1364,74.29
Minimum,1365,75.58
Minimum,1366,74.01
Minimum,1367,75.54
Minimum,1368,74.58
Minimum,1369,74.44
Minimum,1370,73.23
Minimum,1371,75.52
Minimum,1372,75.06
Minimum,1373,73.94
Minimum,1374,75.29
Minimum,1375,73.81
Minimum,1376,75.31
Minimum,1377,73.53
Minimum,1378,75.57
Minimum,1379,73.66
Minimum,1380,75.52
Minimum,1381,74.41
Minimum,1382,74.11
Minimum,1383,75.51
Minimum,1384,75.18
Minimum,1385,74.88
Minimum,1386,76.6
Minimum,1387,75.35
Minimum,1388,74.41
Minimum,1389,74.67
Minimum,1390,74.8
Minimum,1391,74.77
Minimum,1392,73.55
Minimum,1393,75.72
Minimum,1394,73.36
Minimum,1395,75.52
Minimum,1396,74.92
Minimum,1397,74.58
Minimum,1398,74.93
Minimum,1399,74.72
Minimum,1400,74.21
Minimum,1401,75.0
Minimum,1402,74.36
Minimum,1403,74.54
Minimum,1404,74.29
Minimum,1405,74.01
Minimum,1406,75.37
Minimum,1407,73.94
Minimum,1408,74.72
Minimum,1409,75.37
Minimum,1410,74.01
Minimum,1411,74.5
Minimum,1412,75.09
Minimum,1413,74.86
Minimum,1414,75.17
Minimum,1415,73.69
Minimum,1416,74.44
Minimum,1417,75.65
Minimum,1418,73.99
Minimum,1419,74.81
Minimum,1420,74.88
Minimum,1421,74.37
Minimum,1422,73.87
Minimum,1423,74.91
Minimum,1424,75.08
Minimum,1425,75.68
Minimum,1426,75.11
Minimum,1427,73.92
Minimum,1428,75.17
Minimum,1429,73.55
Minimum,1430,75.74
Minimum,1431,73.6
Minimum,1432,75.16
Minimum,1433,74.83
Minimum,1434,73.48
Minimum,1435,76.03
Minimum,1436,74.99
Minimum,1437,73.64
Minimum,1438,75.18
Minimum,1439,74.29
Minimum,1440,75.39
Minimum,1441,75.06
Minimum,1442,75.12
Minimum,1443,74.5
Minimum,1444,74.12
Minimum,1445,75.58
Minimum,1446,73.54
Minimum,1447,75.44
Minimum,1448,73.47
Minimum,1449,75.64
Minimum,1450,74.49
Minimum,1451,75.03
Minimum,1452,74.18
Minimum,1453,74.14
Minimum,1454,75.09
Minimum,1455,73.84
Minimum,1456,75.05
Minimum,1457,73.81
Minimum,1458,75.2
Minimum,1459,74.05
Minimum,1460,75.49
Minimum,1461,73.64
Minimum,1462,75.54
Minimum,1463,74.48
Minimum,1464,75.68
Minimum,1465,75.88
Minimum,1466,73.44
Minimum,1467,75.45
Minimum,1468,74.71
Minimum,1469,74.2
Minimum,1470,76.31
Minimum,1471,73.68
Minimum,1472,74.39
Minimum,1473,75.33
Minimum,1474,75.75
Minimum,1475,74.65
Minimum,1476,74.66
Minimum,1477,75.75
Minimum,1478,74.95
Minimum,1479,73.98
Minimum,1480,75.19
Minimum,1481,74.14
Minimum,1482,75.54
Minimum,1483,74.24
Minimum,1484,74.6
Minimum,1485,74.95
Minimum,1486,74.42
Minimum,1487,75.09
Minimum,1488,73.27
Minimum,1489,74.92
Minimum,1490,74.35
Minimum,1491,75.39
Minimum,1492,74.84
Minimum,1493,74.63
Minimum,1494,74.74
Minimum,1495,74.1
Minimum,1496,74.7
Minimum,1497,74.33
Minimum,1498,75.44
Minimum,1499,74.54
Minimum,1500,75.37
Minimum,1501,74.53
Minimum,1502,74.09
Minimum,1503,75.96
Minimum,1504,75.51
Minimum,1505,73.61
Minimum,1506,74.7
Minimum,1507,75.04
Minimum,1508,74.36
Minimum,1509,74.46
Minimum,1510,74.72
Minimum,1511,73.58
Minimum,1512,75.58
Minimum,1513,75.31
Minimum,1514,75.03
Minimum,1515,74.92
Minimum,1516,73.69
Minimum,1517,74.38
Minimum,1518,74.9
Minimum,1519,74.42
Minimum,1520,74.44
Minimum,1521,75.07
Minimum,1522,74.51
Minimum,1523,74.58
Minimum,1524,74.27
Minimum,1525,75.18
Minimum,1526,74.14
Minimum,1527,75.06
Minimum,1528,74.6
Minimum,1529,75.48
Minimum,1530,75.23
Minimum,1531,74.1
Minimum,1532,73.91
Minimum,1533,74.96
Minimum,1534,74.01
Minimum,1535,75.17
Minimum,1536,75.09
Minimum,1537,73.67
Minimum,1538,75.55
Minimum,1539,74.1
Minimum,1540,74.91
Minimum,1541,73.55
Minimum,1542,76.83
Minimum,1543,75.18
Minimum,1544,74.57
Minimum,1545,74.45
Minimum,1546,74.83
Minimum,1547,74.3
Minimum,1548,74.89
Minimum,1549,73.93
Minimum,1550,75.05
Minimum,1551,74.93
Minimum,1552,75.28
Minimum,1553,74.92
Minimum,1554,75.53
Minimum,1555,74.62
Minimum,1556,74.55
Minimum,1557,75.23
Minimum,1558,74.35
Minimum,1559,75.26
Minimum,1560,74.84
Minimum,1561,73.7
Minimum,1562,75.61
Minimum,1563,74.92
Minimum,1564,74.06
Minimum,1565,75.21
Minimum,1566,74.07
Minimum,1567,74.47
Minimum,1568,74.9
Minimum,1569,74.15
Minimum,1570,75.03
Minimum,1571,74.38
Minimum,1572,75.21
Minimum,1573,74.12
Minimum,1574,74.33
Minimum,1575,74.49
Minimum,1576,74.27
Minimum,1577,74.96
Minimum,1578,74.72
Minimum,1579,73.85
Minimum,1580,75.13
Minimum,1581,76.59
Minimum,1582,75.18
Minimum,1583,74.63
Minimum,1584,74.62
Minimum,1585,74.66
Minimum,1586,75.06
Minimum,1587,74.22
Minimum,1588,73.94
Minimum,1589,74.81
Minimum,1590,74.92
Minimum,1591,75.35
Minimum,1592,75.07
Minimum,1593,74.06
Minimum,1594,74.41
Minimum,1595,74.83
Minimum,1596,75.0
Minimum,1597,73.8
Minimum,1598,74.35
Minimum,1599,75.17
Minimum,1600,74.35
Minimum,1601,74.49
Minimum,1602,74.74
Minimum,1603,74.93
Minimum,1604,74.26
Minimum,1605,74.9
Minimum,1606,74.0
Minimum,1607,74.83
Minimum,1608,74.7
Minimum,1609,73.75
Minimum,1610,75.09
Minimum,1611,74.28
Minimum,1612,75.38
Minimum,1613,74.15
Minimum,1614,74.7
Minimum,1615,75.68
Minimum,1616,74.14
Minimum,1617,74.26
Minimum,1618,73.97
Minimum,1619,74.96
Minimum,1620,76.55
Minimum,1621,73.71
Minimum,1622,75.6
Minimum,1623,74.38
Minimum,1624,74.5
Minimum,1625,74.29
Minimum,1626,73.86
Minimum,1627,74.6
Minimum,1628,74.68
Minimum,1629,74.88
Minimum,1630,77.72
Minimum,1631,74.39
Minimum,1632,74.4
Minimum,1633,75.14
Minimum,1634,74.07
Minimum,1635,74.76
Minimum,1636,74.0
Minimum,1637,75.26
Minimum,1638,74.29
Minimum,1639,75.33
Minimum,1640,75.16
Minimum,1641,74.92
Minimum,1642,74.49
Minimum,1643,74.34
Minimum,1644,74.73
Minimum,1645,74.35
Minimum,1646,74.34
Minimum,1647,75.26
Minimum,1648,74.59
Minimum,1649,74.52
Minimum,1650,74.69
Minimum,1651,74.32
Minimum,1652,74.81
Minimum,1653,74.53
Minimum,1654,74.69
Minimum,1655,73.99
Minimum,1656,74.98
Minimum,1657,75.09
Minimum,1658,73.85
Minimum,1659,77.23
Minimum,1660,74.21
Minimum,1661,74.18
Minimum,1662,74.51
Minimum,1663,74.44
Minimum,1664,75.55
Minimum,1665,73.5
Minimum,1666,74.04
Minimum,1667,76.1
Minimum,1668,74.98
Minimum,1669,76.03
Minimum,1670,75.35
Minimum,1671,74.04
Minimum,1672,75.06
Minimum,1673,73.72
Minimum,1674,74.95
Minimum,1675,74.49
Minimum,1676,75.16
Minimum,1677,74.22
Minimum,1678,75.08
Minimum,1679,74.25
Minimum,1680,74.12
Minimum,1681,74.68
Minimum,1682,74.94
Minimum,1683,74.49
Minimum,1684,75.49
Minimum,1685,74.16
Minimum,1686,75.12
Minimum,1687,74.6
Minimum,1688,74.67
Minimum,1689,75.01
Minimum,1690,73.82
Minimum,1691,75.24
Minimum,1692,74.16
Minimum,1693,75.19
Minimum,1694,74.4
Minimum,1695,73.43
Minimum,1696,76.4
Minimum,1697,74.44
Minimum,1698,77.09
Minimum,1699,73.52
Minimum,1700,75.48
Minimum,1701,73.62
Minimum,1702,75.41
Minimum,1703,73.98
Minimum,1704,74.34
Minimum,1705,74.29
Minimum,1706,75.68
Minimum,1707,74.23
Minimum,1708,75.32
Minimum,1709,73.89
Minimum,1710,75.35
Minimum,1711,74.62
Minimum,1712,74.18
Minimum,1713,75.15
Minimum,1714,74.23
Minimum,1715,75.41
Minimum,1716,73.68
Minimum,1717,75.15
Minimum,1718,75.1
Minimum,1719,74.97
Minimum,1720,74.35
Minimum,1721,74.05
Minimum,1722,74.99
Minimum,1723,75.56
Minimum,1724,73.97
Minimum,1725,75.08
Minimum,1726,74.39
Minimum,1727,75.71
Minimum,1728,74.8
Minimum,1729,74.3
Minimum,1730,74.25
Minimum,1731,75.25
Minimum,1732,73.9
Minimum,1733,75.16
Minimum,1734,75.04
Minimum,1735,74.08
Minimum,1736,74.48
Minimum,1737,76.99
Minimum,1738,74.29
Minimum,1739,74.47
Minimum,1740,74.73
Minimum,1741,74.94
Minimum,1742,73.96
Minimum,1743,75.29
Minimum,1744,74.53
Minimum,1745,74.32
Minimum,1746,74.09
Minimum,1747,76.4
Minimum,1748,74.0
Minimum,1749,74.59
Minimum,1750,75.17
Minimum,1751,74.57
Minimum,1752,74.33
Minimum,1753,75.33
Minimum,1754,76.02
Minimum,1755,73.98
Minimum,1756,74.58
Minimum,1757,75.14
Minimum,1758,74.97
Minimum,1759,74.18
Minimum,1760,74.3
Minimum,1761,74.92
Minimum,1762,74.79
Minimum,1763,74.3
Minimum,1764,74.4
Minimum,1765,74.02
Minimum,1766,74.66
Minimum,1767,74.81
Minimum,1768,74.92
Minimum,1769,74.03
Minimum,1770,74.62
Minimum,1771,74.04
Minimum,1772,75.12
Minimum,1773,74.56
Minimum,1774,74.61
Minimum,1775,74.67
Minimum,1776,76.23
Minimum,1777,75.12
Minimum,1778,74.09
Minimum,1779,74.79
Minimum,1780,73.85
Minimum,1781,75.75
Minimum,1782,75.45
Minimum,1783,74.14
Minimum,1784,75.31
Minimum,1785,73.28
Minimum,1786,76.82
Minimum,1787,74.18
Minimum,1788,74.12
Minimum,1789,74.59
Minimum,1790,74.73
Minimum,1791,74.29
Minimum,1792,74.57
Minimum,1793,74.97
Minimum,1794,74.09
Minimum,1795,74.58
Minimum,1796,75.29
Minimum,1797,73.78
Minimum,1798,74.55
Minimum,1799,75.35
Minimum,1800,74.99
Minimum,1801,73.88
Minimum,1802,74.44
Minimum,1803,74.88
Minimum,1804,74.46
Minimum,1805,74.78
Minimum,1806,74.81
Minimum,1807,74.8
Minimum,1808,74.59
Minimum,1809,74.75
Minimum,1810,75.46
Minimum,1811,74.9
Minimum,1812,74.58
Minimum,1813,74.85
Minimum,1814,74.11
Minimum,1815,76.77
Minimum,1816,73.99
Minimum,1817,74.76
Minimum,1818,74.15
Minimum,1819,75.27
Minimum,1820,73.42
Minimum,1821,74.74
Minimum,1822,75.47
Minimum,1823,74.37
Minimum,1824,74.09
Minimum,1825,76.46
Minimum,1826,74.3
Minimum,1827,74.9
Minimum,1828,74.5
Minimum,1829,74.6
Minimum,1830,74.78
Minimum,1831,75.14
Minimum,1832,74.09
Minimum,1833,74.61
Minimum,1834,75.47
Minimum,1835,74.12
Minimum,1836,75.36
Minimum,1837,73.83
Minimum,1838,75.94
Minimum,1839,75.8
Minimum,1840,74.54
Minimum,1841,74.97
Minimum,1842,74.23
Minimum,1843,74.0
Minimum,1844,75.39
Minimum,1845,74.22
Minimum,1846,74.48
Minimum,1847,74.75
Minimum,1848,74.34
Minimum,1849,74.1
Minimum,1850,75.05
Minimum,1851,74.05
Minimum,1852,75.02
Minimum,1853,74.84
Minimum,1854,75.42
Minimum,1855,75.05
Minimum,1856,74.69
Minimum,1857,75.06
Minimum,1858,74.49
Minimum,1859,74.72
Minimum,1860,74.85
Minimum,1861,74.27
Minimum,1862,74.8
Minimum,1863,74.47
Minimum,1864,76.4
Minimum,1865,74.82
Minimum,1866,75.5
Minimum,1867,74.8
Minimum,1868,73.96
Minimum,1869,74.81
Minimum,1870,75.02
Minimum,1871,74.29
Minimum,1872,73.77
Minimum,1873,75.26
Minimum,1874,74.14
Minimum,1875,75.79
Minimum,1876,74.1
Minimum,1877,74.55
Minimum,1878,74.92
Minimum,1879,73.99
Minimum,1880,74.78
Minimum,1881,75.01
Minimum,1882,74.4
Minimum,1883,74.28
Minimum,1884,74.07
Minimum,1885,74.66
Minimum,1886,74.83
Minimum,1887,74.27
Minimum,1888,75.05
Minimum,1889,74.28
Minimum,1890,74.75
Minimum,1891,73.63
Minimum,1892,75.34
Minimum,1893,77.03
Minimum,1894,74.79
Minimum,1895,75.48
Minimum,1896,73.89
Minimum,1897,75.15
Minimum,1898,74.64
Minimum,1899,74.39
Minimum,1900,74.13
Minimum,1901,74.99
Minimum,1902,74.7
Minimum,1903,75.16
Minimum,1904,75.33
Minimum,1905,74.67
Minimum,1906,74.14
Minimum,1907,73.74
Minimum,1908,75.62
Minimum,1909,74.13
Minimum,1910,74.57
Minimum,1911,74.51
Minimum,1912,73.99
Minimum,1913,75.25
Minimum,1914,74.09
Minimum,1915,74.5
Minimum,1916,74.72
Minimum,1917,74.98
Minimum,1918,74.36
Minimum,1919,74.27
Minimum,1920,75.25
Minimum,1921,74.05
Minimum,1922,75.02
Minimum,1923,75.36
Minimum,1924,74.55
Minimum,1925,74.52
Minimum,1926,74.98
Minimum,1927,74.45
Minimum,1928,74.24
Minimum,1929,75.33
Minimum,1930,74.02
Minimum,1931,74.92
Minimum,1932,75.94
Minimum,1933,74.56
Minimum,1934,75.11
Minimum,1935,74.1
Minimum,1936,75.28
Minimum,1937,74.73
Minimum,1938,73.91
Minimum,1939,74.82
Minimum,1940,74.64
Minimum,1941,74.94
Minimum,1942,74.68
Minimum,1943,75.57
Minimum,1944,74.41
Minimum,1945,74.33
Minimum,1946,74.94
Minimum,1947,74.86
Minimum,1948,73.42
Minimum,1949,75.01
Minimum,1950,75.44
Minimum,1951,75.22
Minimum,1952,75.22
Minimum,1953,74.51
Minimum,1954,73.58
Minimum,1955,74.92
Minimum,1956,74.4
Minimum,1957,75.23
Minimum,1958,74.22
Minimum,1959,75.02
Minimum,1960,73.84
Minimum,1961,74.99
Minimum,1962,74.41
Minimum,1963,74.56
Minimum,1964,74.99
Minimum,1965,74.39
Minimum,1966,74.92
Minimum,1967,73.95
Minimum,1968,75.27
Minimum,1969,74.37
Minimum,1970,74.95
Minimum,1971,77.26
Minimum,1972,73.95
Minimum,1973,74.7
Minimum,1974,74.64
Minimum,1975,75.04
Minimum,1976,74.67
Minimum,1977,74.57
Minimum,1978,75.16
Minimum,1979,74.86
Minimum,1980,74.65
Minimum,1981,76.57
Minimum,1982,74.54
Minimum,1983,74.04
Minimum,1984,75.35
Minimum,1985,74.37
Minimum,1986,73.85
Minimum,1987,75.12
Minimum,1988,74.33
Minimum,1989,74.9
Minimum,1990,74.37
Minimum,1991,74.16
Minimum,1992,75.01
Minimum,1993,74.47
Minimum,1994,74.99
Minimum,1995,75.2
Minimum,1996,74.16
Minimum,1997,73.94
Minimum,1998,74.23
Minimum,1999,75.34
